,word,category
0,API,API
1,RESTful APIs,API
2,REST,API
3,GraphQL,API
4,gRPC,API
5,SOAP,API
6,Endpoint,API
7,Resource,API
8,HTTP Methods,API
9,GET,API
10,POST,API
11,PUT,API
12,DELETE,API
13,PATCH,API
14,HEAD,API
15,OPTIONS,API
16,Status Codes,API
17,200,API
18,201,API
19,204,API
20,400,API
21,401,API
22,403,API
23,404,API
24,500,API
25,503,API
26,Payload,API
27,Request,API
28,Response,API
29,Header,API
30,Body,API
31,Query Parameters,API
32,Path Parameters,API
33,URL,API
34,URI,API
35,Base URL,API
36,Versioning,API
37,v1,API
38,v2,API
39,Semantic Versioning,API
40,Pagination,API
41,Limit,API
42,Offset,API
43,Cursor,API
44,Filtering,API
45,Sorting,API
46,Field Selection,API
47,Rate Limiting,API
48,Throttling,API
49,API Key,API
50,OAuth,API
51,JWT,API
52,Bearer Token,API
53,Basic Auth,API
54,API Gateway,API
55,Load Balancer,API
56,Reverse Proxy,API
57,Caching,API
58,ETag,API
59,Cache-Control,API
60,Expires,API
61,Vary,API
62,Content-Type,API
63,JSON,API
64,XML,API
65,YAML,API
66,Form Data,API
67,Multipart,API
68,Webhook,API
69,Callback,API
70,Polling,API
71,Long Polling,API
72,Streaming,API
73,SSE,API
74,WebSocket,API
75,SDK,API
76,Client Library,API
77,API Documentation,API
78,Swagger,API
79,OpenAPI,API
80,Postman,API
81,Insomnia,API
82,cURL,API
83,REST Client,API
84,API Testing,API
85,Unit Testing,API
86,Integration Testing,API
87,Mock Server,API
88,WireMock,API
89,API Design,API
90,API Specification,API
91,API Contract,API
92,API Lifecycle,API
93,API Development,API
94,API Deployment,API
95,API Monitoring,API
96,API Analytics,API
97,API Security,API
98,API Governance,API
99,API Management,API
100,Kong,API
101,Apigee,API
102,AWS API Gateway,API
103,Azure API Management,API
104,Google Cloud Endpoints,API
105,API Versioning,API
106,API Deprecation,API
107,API Migration,API
108,API Strategy,API
109,API Roadmap,API
110,API Vision,API
111,API Goals,API
112,API Objectives,API
113,API Metrics,API
114,API KPIs,API
115,API Insights,API
116,API Reports,API
117,API Dashboards,API
118,API Alerts,API
119,API Notifications,API
120,API Logs,API
121,API Debugging,API
122,API Profiling,API
123,API Optimization,API
124,API Prototyping,API
125,API Wireframing,API
126,API Mockup,API
127,API Asset Management,API
128,API Version Control,API
129,API CI/CD,API
130,API Distribution,API
131,API Marketing,API
132,API ASO,API
133,API Monetization,API
134,API Revenue,API
135,API User Feedback,API
136,API Crash Reporting,API
137,API Performance,API
138,API Memory,API
139,API Network,API
140,API Battery,API
141,API Size,API
142,API Obfuscation,API
143,API Minification,API
144,API Automation,API
145,API Compatibility,API
146,API Encryption,API
147,API Backup,API
148,API Synchronization,API
149,API Offline,API
150,API Caching,API
151,API Architecture,API
152,API State Management,API
153,API Dependency Injection,API
154,API Data Binding,API
155,API LiveData,API
156,API Flow,API
157,API RxJava,API
158,API Coroutine,API
159,API Widget,API
160,API AR,API
161,API VR,API
162,API Game Development,API
163,API Cross-Platform,API
164,API Hybrid,API
165,API Native,API
166,API Template,API
167,API Clone,API
168,API Framework,API
169,API Library,API
170,API Plugin,API
171,API Extension,API
172,API Module,API
173,API Component,API
174,API Service,API
175,API Utility,API
176,API Resource,API
177,API Tutorial,API
178,API Guide,API
179,API Course,API
180,API Certification,API
181,API Community,API
182,API Forum,API
183,API Blog,API
184,API News,API
185,API Trend,API
186,API Innovation,API
187,API Future,API
188,API Goal,API
189,API Objective,API
190,API Metric,API
191,API KPI,API
192,API Analytic,API
193,API Insight,API
194,API Report,API
195,API Dashboard,API
196,API Alert,API
197,API Notification,API
198,API Log,API
199,API Debugging Tool,API
200,API Profiling Tool,API
201,API Optimization Tool,API
202,API Security Tool,API
203,API Testing Tool,API
204,API Development Tool,API
205,API Design Tool,API
206,API Prototyping Tool,API
207,API Wireframing Tool,API
208,API Mockup Tool,API
209,API Asset Management Tool,API
210,API Version Control Tool,API
211,API CI/CD Tool,API
212,API Deployment Tool,API
213,API Distribution Tool,API
214,API Marketing Tool,API
215,API ASO Tool,API
216,API Analytics Tool,API
217,API Monetization Tool,API
218,API Revenue Tool,API
219,API User Feedback Tool,API
220,API Crash Reporting Tool,API
221,API Performance Tool,API
222,API Memory Tool,API
223,API Network Tool,API
224,API Battery Tool,API
225,API Size Tool,API
226,API Obfuscation Tool,API
227,API Minification Tool,API
228,API Automation Tool,API
229,API Compatibility Tool,API
230,API Encryption Tool,API
231,API Backup Tool,API
232,API Synchronization Tool,API
233,Microservices,Backend
234,Monolith,Backend
235,Serverless,Backend
236,Lambda,Backend
237,Functions,Backend
238,Node.js,Backend
239,Express.js,Backend
240,Django,Backend
241,Flask,Backend
242,Spring Boot,Backend
243,Ruby on Rails,Backend
244,Laravel,Backend
245,ASP.NET,Backend
246,FastAPI,Backend
247,Koa,Backend
248,Hapi,Backend
249,NestJS,Backend
250,AdonisJS,Backend
251,Sails.js,Backend
252,LoopBack,Backend
253,Strapi,Backend
254,Hasura,Backend
255,Firebase,Backend
256,Supabase,Backend
257,PostgreSQL,Backend
258,MySQL,Backend
259,MongoDB,Backend
260,SQLite,Backend
261,MariaDB,Backend
262,Oracle,Backend
263,Redis,Backend
264,Cassandra,Backend
265,DynamoDB,Backend
266,Couchbase,Backend
267,Elasticsearch,Backend
268,Kafka,Backend
269,RabbitMQ,Backend
270,SQS,Backend
271,Pub/Sub,Backend
272,Message Queue,Backend
273,Event-Driven,Backend
274,Socket.IO,Backend
275,SignalR,Backend
276,Cron Jobs,Backend
277,Background Jobs,Backend
278,Celery,Backend
279,Sidekiq,Backend
280,Bull,Backend
281,Agenda,Backend
282,Job Queues,Backend
283,ORM,Backend
284,Sequelize,Backend
285,TypeORM,Backend
286,Prisma,Backend
287,Hibernate,Backend
288,Entity Framework,Backend
289,Mongoose,Backend
290,SQLAlchemy,Backend
291,Database Migration,Backend
292,Liquibase,Backend
293,Flyway,Backend
294,Alembic,Backend
295,Database Schema,Backend
296,Indexing,Backend
297,Query Optimization,Backend
298,Transactions,Backend
299,ACID,Backend
300,CAP Theorem,Backend
301,Partition Tolerance,Backend
302,Consistency,Backend
303,Availability,Backend
304,Load Balancing,Backend
305,Horizontal Scaling,Backend
306,Vertical Scaling,Backend
307,Sharding,Backend
308,Replication,Backend
309,Master-Slave,Backend
310,Master-Master,Backend
311,Failover,Backend
312,Backup,Backend
313,Disaster Recovery,Backend
314,High Availability,Backend
315,Redis Cache,Backend
316,Memcached,Backend
317,CDN,Backend
318,In-Memory Database,Backend
319,Authentication,Backend
320,Authorization,Backend
321,OpenID Connect,Backend
322,SAML,Backend
323,SSO,Backend
324,Role-Based Access Control,Backend
325,RBAC,Backend
326,ACL,Backend
327,Encryption,Backend
328,TLS,Backend
329,SSL,Backend
330,HTTPS,Backend
331,Hashing,Backend
332,Bcrypt,Backend
333,Argon2,Backend
334,PBKDF2,Backend
335,Data Validation,Backend
336,Sanitization,Backend
337,CSRF,Backend
338,XSS,Backend
339,SQL Injection,Backend
340,CORS,Backend
341,Security Headers,Backend
342,Content Security Policy,Backend
343,CSP,Backend
344,HSTS,Backend
345,X-Frame-Options,Backend
346,X-Content-Type-Options,Backend
347,Referrer Policy,Backend
348,Permissions Policy,Backend
349,Trusted Types,Backend
350,Subresource Integrity,Backend
351,SRI,Backend
352,Logging,Backend
353,Log Rotation,Backend
354,ELK Stack,Backend
355,Logstash,Backend
356,Kibana,Backend
357,Fluentd,Backend
358,Graylog,Backend
359,Monitoring,Backend
360,Prometheus,Backend
361,Grafana,Backend
362,New Relic,Backend
363,Datadog,Backend
364,APM,Backend
365,Tracing,Backend
366,OpenTelemetry,Backend
367,Jaeger,Backend
368,Zipkin,Backend
369,Error Tracking,Backend
370,Sentry,Backend
371,Rollbar,Backend
372,BugSnag,Backend
373,Performance Monitoring,Backend
374,Alerts,Backend
375,Notifications,Backend
376,Webhooks,Backend
377,Cron Triggers,Backend
378,Scheduled Tasks,Backend
379,Batch Processing,Backend
380,ETL,Backend
381,Data Pipeline,Backend
382,Data Warehouse,Backend
383,BigQuery,Backend
384,Redshift,Backend
385,Snowflake,Backend
386,Data Lake,Backend
387,S3,Backend
388,MinIO,Backend
389,Blob Storage,Backend
390,File Upload,Backend
391,Multer,Backend
392,Cloud Storage,Backend
393,AWS S3,Backend
394,Google Cloud Storage,Backend
395,Azure Blob Storage,Backend
396,FTP,Backend
397,SFTP,Backend
398,SSH,Backend
399,VPN,Backend
400,CI/CD,Backend
401,Jenkins,Backend
402,GitHub Actions,Backend
403,GitLab CI,Backend
404,CircleCI,Backend
405,Travis CI,Backend
406,Docker,Backend
407,Kubernetes,Backend
408,Helm,Backend
409,Terraform,Backend
410,Ansible,Backend
411,Puppet,Backend
412,Chef,Backend
413,Infrastructure as Code,Backend
414,IaC,Backend
415,Cloud Computing,Backend
416,AWS,Backend
417,EC2,Backend
418,RDS,Backend
419,Google Cloud,Backend
420,GCP,Backend
421,Compute Engine,Backend
422,Cloud Functions,Backend
423,Azure,Backend
424,VM,Backend
425,App Service,Backend
426,Serverless Framework,Backend
427,Zappa,Backend
428,Vercel,Backend
429,Netlify,Backend
430,Nginx,Backend
431,Apache,Backend
432,HAProxy,Backend
433,Cloudflare,Backend
434,Akamai,Backend
435,DNS,Backend
436,Domain Management,Backend
437,SSL Certificates,Backend
438,Let's Encrypt,Backend
439,Zero Trust,Backend
440,Firewall,Backend
441,DDoS Protection,Backend
442,IP Whitelisting,Backend
443,Blacklisting,Backend
444,VPC,Backend
445,Subnet,Backend
446,NAT Gateway,Backend
447,Security Groups,Backend
448,IAM,Backend
449,Identity and Access Management,Backend
450,Policy Management,Backend
451,Secrets Management,Backend
452,Vault,Backend
453,AWS Secrets Manager,Backend
454,Google Secret Manager,Backend
455,Azure Key Vault,Backend
456,Environment Variables,Backend
457,.env,Backend
458,Configuration Management,Backend
459,Consul,Backend
460,Etcd,Backend
461,Zookeeper,Backend
462,Service Discovery,Backend
463,Health Checks,Backend
464,Circuit Breaker,Backend
465,Retry,Backend
466,Timeout,Backend
467,Bulkhead,Backend
468,Resilience,Backend
469,Fault Tolerance,Backend
470,Chaos Engineering,Backend
471,Load Testing,Backend
472,JMeter,Backend
473,Gatling,Backend
474,k6,Backend
475,Performance Testing,Backend
476,Stress Testing,Backend
477,Scalability,Backend
478,Latency,Backend
479,Throughput,Backend
480,Bandwidth,Backend
481,Concurrency,Backend
482,Threading,Backend
483,Asynchronous,Backend
484,Synchronous,Backend
485,Event Loop,Backend
486,Non-Blocking I/O,Backend
487,Blocking I/O,Backend
488,Multithreading,Backend
489,Multiprocessing,Backend
490,Goroutines,Backend
491,Channels,Backend
492,Futures,Backend
493,Promises,Backend
494,Async/Await,Backend
495,Callbacks,Backend
496,Streams,Backend
497,Buffers,Backend
498,File I/O,Backend
499,Network I/O,Backend
500,Serialization,Backend
501,Protobuf,Backend
502,Avro,Backend
503,MessagePack,Backend
504,BSON,Backend
505,CSV,Backend
506,Data Transformation,Backend
507,Mapping,Backend
508,Aggregation,Backend
509,Search,Backend
510,Full-Text Search,Backend
511,Fuzzy Search,Backend
512,Autocomplete,Backend
513,Suggestions,Backend
514,Recommendations,Backend
515,Machine Learning,Backend
516,AI,Backend
517,TensorFlow,Backend
518,PyTorch,Backend
519,Scikit-learn,Backend
520,NLP,Backend
521,Natural Language Processing,Backend
522,Sentiment Analysis,Backend
523,Chatbot,Backend
524,Voice Assistant,Backend
525,Speech Recognition,Backend
526,Image Processing,Backend
527,Computer Vision,Backend
528,OCR,Backend
529,Data Science,Backend
530,Pandas,Backend
531,NumPy,Backend
532,Matplotlib,Backend
533,Seaborn,Backend
534,Jupyter,Backend
535,Data Visualization,Backend
536,Dash,Backend
537,Streamlit,Backend
538,Business Intelligence,Backend
539,BI,Backend
540,Tableau,Backend
541,Power BI,Backend
542,Looker,Backend
543,Data Studio,Backend
544,ELT,Backend
545,Data Integration,Backend
546,Airflow,Backend
547,Luigi,Backend
548,Prefect,Backend
549,Dagster,Backend
550,Data Governance,Backend
551,Data Quality,Backend
552,Data Cleansing,Backend
553,Data Lineage,Backend
554,Data Catalog,Backend
555,Metadata Management,Backend
556,Data Privacy,Backend
557,GDPR,Backend
558,CCPA,Backend
559,HIPAA,Backend
560,Compliance,Backend
561,Auditing,Backend
562,Reporting,Backend
563,Analytics,Backend
564,Metrics,Backend
565,KPIs,Backend
566,Dashboards,Backend
567,Automation,Backend
568,Scripting,Backend
569,Bash,Backend
570,Python,Backend
571,Ruby,Backend
572,PowerShell,Backend
573,CLI,Backend
574,Command Line,Backend
575,Terminal,Backend
576,Shell,Backend
577,Remote Access,Backend
578,Version Control,Backend
579,Git,Backend
580,GitHub,Backend
581,GitLab,Backend
582,Bitbucket,Backend
583,Merge,Backend
584,Pull Request,Backend
585,Code Review,Backend
586,Branching,Backend
587,Tagging,Backend
588,Rebase,Backend
589,Cherry-Pick,Backend
590,Stash,Backend
591,Conflict Resolution,Backend
592,Continuous Integration,Backend
593,Continuous Deployment,Backend
594,Continuous Delivery,Backend
595,Blue-Green Deployment,Backend
596,Canary Release,Backend
597,Feature Flags,Backend
598,A/B Testing,Backend
599,Multivariate Testing,Backend
600,Experimentation,Backend
601,User Tracking,Backend
602,Mixpanel,Backend
603,Amplitude,Backend
604,Google Analytics,Backend
605,Segment,Backend
606,Heatmaps,Backend
607,Session Recording,Backend
608,Funnels,Backend
609,Retention,Backend
610,Cohort Analysis,Backend
611,User Segmentation,Backend
612,Personalization,Backend
613,Filters,Backend
614,Infinite Scroll,Backend
615,Lazy Loading,Backend
616,Preloading,Backend
617,Prefetching,Backend
618,Edge Caching,Backend
619,Browser Caching,Backend
620,Server Caching,Backend
621,Database Caching,Backend
622,Query Caching,Backend
623,Object Caching,Backend
624,Page Caching,Backend
625,Fragment Caching,Backend
626,Cache Invalidation,Backend
627,Cache Busting,Backend
628,Last-Modified,Backend
629,Cache Partitioning,Backend
630,Cache Coherence,Backend
631,Cache Consistency,Backend
632,Cache Stampede,Backend
633,Thundering Herd,Backend
634,Cache Warming,Backend
635,Eager Loading,Backend
636,On-Demand Loading,Backend
637,Progressive Hydration,Backend
638,Partial Hydration,Backend
639,Islands Architecture,Backend
640,Micro Frontends,Backend
641,Module Federation,Backend
642,Monorepo,Backend
643,Polyrepo,Backend
644,Multirepo,Backend
645,Functions as a Service,Backend
646,Backend as a Service,Backend
647,Platform as a Service,Backend
648,Infrastructure as a Service,Backend
649,Software as a Service,Backend
650,Containers,Backend
651,Podman,Backend
652,Pulumi,Backend
653,Crossplane,Backend
654,GitOps,Backend
655,ArgoCD,Backend
656,Flux,Backend
657,Bitbucket Pipelines,Backend
658,Azure DevOps,Backend
659,AWS CodePipeline,Backend
660,Google Cloud Build,Backend
661,Spinnaker,Backend
662,Tekton,Backend
663,Drone,Backend
664,Buildkite,Backend
665,Harness,Backend
666,Codefresh,Backend
667,Zuul,Backend
668,Concourse,Backend
669,GoCD,Backend
670,TeamCity,Backend
671,Bamboo,Backend
672,Buddy,Backend
673,Semaphore,Backend
674,AppVeyor,Backend
675,Wercker,Backend
676,Shippable,Backend
677,Solano,Backend
678,Distelli,Backend
679,CodeShip,Backend
680,Deis,Backend
681,Flynn,Backend
682,Dokku,Backend
683,Rancher,Backend
684,Nomad,Backend
685,Mesos,Backend
686,Swarm,Backend
687,OpenShift,Backend
688,Knative,Backend
689,Istio,Backend
690,Linkerd,Backend
691,Envoy,Backend
692,NGINX,Backend
693,Traefik,Backend
694,Caddy,Backend
695,IIS,Backend
696,Lighttpd,Backend
697,Cherokee,Backend
698,Tomcat,Backend
699,Jetty,Backend
700,Undertow,Backend
701,Netty,Backend
702,Vert.x,Backend
703,Micronaut,Backend
704,Quarkus,Backend
705,Dropwizard,Backend
706,Play Framework,Backend
707,Akka,Backend
708,Lagom,Backend
709,Finagle,Backend
710,http4s,Backend
711,ZIO,Backend
712,Cats Effect,Backend
713,FS2,Backend
714,Monix,Backend
715,Scalaz,Backend
716,Shapeless,Backend
717,Circe,Backend
718,Argonaut,Backend
719,Json4s,Backend
720,Spray JSON,Backend
721,Play JSON,Backend
722,Lift JSON,Backend
723,uPickle,Backend
724,PPrint,Backend
725,FastParse,Backend
726,Parboiled,Backend
727,Parsec,Backend
728,Dart,Mobile App Development
729,Widgets,Mobile App Development
730,Hot Reload,Mobile App Development
731,Flutter DevTools,Mobile App Development
732,Flutter SDK,Mobile App Development
733,Flutter Engine,Mobile App Development
734,Material Design,Mobile App Development
735,Cupertino Widgets,Mobile App Development
736,FlutterFlow,Mobile App Development
737,State Management,Mobile App Development
738,Provider,Mobile App Development
739,Riverpod,Mobile App Development
740,Bloc,Mobile App Development
741,Redux,Mobile App Development
742,Flutter Plugins,Mobile App Development
743,Kotlin DSL,Mobile App Development
744,Coroutines,Mobile App Development
745,Kotlin Multiplatform,Mobile App Development
746,Kotlin Native,Mobile App Development
747,Android Extensions,Mobile App Development
748,Kotlin Extensions,Mobile App Development
749,Null Safety,Mobile App Development
750,Kotlin Android Extensions,Mobile App Development
751,Kotlin Flow,Mobile App Development
752,Kotlin Companion Objects,Mobile App Development
753,JSX,Mobile App Development
754,React Navigation,Mobile App Development
755,React Native,Mobile App Development
756,Flutter,Mobile App Development
757,Xamarin,Mobile App Development
758,Ionic,Mobile App Development
759,Apache Cordova,Mobile App Development
760,NativeScript,Mobile App Development
761,Angular,Mobile App Development
762,Vue.js,Mobile App Development
763,jQuery Mobile,Mobile App Development
764,Bootstrap,Mobile App Development
765,Sencha Touch,Mobile App Development
766,PhoneGap,Mobile App Development
767,Nativescript,Mobile App Development
768,Android Studio,Mobile App Development
769,Xcode,Mobile App Development
770,Visual Studio,Mobile App Development
771,Eclipse,Mobile App Development
772,IntelliJ IDEA,Mobile App Development
773,Firebase Authentication,Mobile App Development
774,Google Analytics for Mobile,Mobile App Development
775,TestFlight,Mobile App Development
776,App Center,Mobile App Development
777,Codemagic,Mobile App Development
778,Fastlane,Mobile App Development
779,Appium,Mobile App Development
780,Detox,Mobile App Development
781,Mobile app development,Mobile App Development
782,native app,Mobile App Development
783,cross-platform,Mobile App Development
784,Swift,Mobile App Development
785,Kotlin,Mobile App Development
786,Java,Mobile App Development
787,UI,Mobile App Development
788,UX,Mobile App Development
789,backend,Mobile App Development
790,frontend,Mobile App Development
791,mobile UI design,Mobile App Development
792,responsive design,Mobile App Development
793,push notifications,Mobile App Development
794,authentication,Mobile App Development
795,database,Mobile App Development
796,app store,Mobile App Development
797,Google Play,Mobile App Development
798,App Store,Mobile App Development
799,version control,Mobile App Development
800,debugging,Mobile App Development
801,testing,Mobile App Development
802,deployment,Mobile App Development
803,continuous integration,Mobile App Development
804,user engagement,Mobile App Development
805,performance optimization,Mobile App Development
806,app analytics,Mobile App Development
807,App Monetization,Mobile App Development
808,app maintenance,Mobile App Development
809,mobile-first design,Mobile App Development
810,hybrid app,Mobile App Development
811,device compatibility,Mobile App Development
812,Mobile App Development,Mobile App Development
813,iOS,Mobile App Development
814,Android,Mobile App Development
815,Objective-C,Mobile App Development
816,Cordova,Mobile App Development
817,Progressive Web Apps,Mobile App Development
818,PWA,Mobile App Development
819,APK,Mobile App Development
820,IPA,Mobile App Development
821,NDK,Mobile App Development
822,JetBrains,Mobile App Development
823,AppCode,Mobile App Development
824,Visual Studio Code,Mobile App Development
825,Emulator,Mobile App Development
826,Simulator,Mobile App Development
827,Debugging,Mobile App Development
828,Profiling,Mobile App Development
829,Performance Optimization,Mobile App Development
830,Memory Management,Mobile App Development
831,AsyncTask,Mobile App Development
832,Grand Central Dispatch,Mobile App Development
833,GCD,Mobile App Development
834,Core Data,Mobile App Development
835,Room,Mobile App Development
836,Realm,Mobile App Development
837,Firebase Realtime Database,Mobile App Development
838,Cloud Firestore,Mobile App Development
839,REST API,Mobile App Development
840,Retrofit,Mobile App Development
841,Alamofire,Mobile App Development
842,OkHttp,Mobile App Development
843,Volley,Mobile App Development
844,Networking,Mobile App Development
845,WebSockets,Mobile App Development
846,Push Notifications,Mobile App Development
847,FCM,Mobile App Development
848,APNS,Mobile App Development
849,Local Notifications,Mobile App Development
850,Background Tasks,Mobile App Development
851,Services,Mobile App Development
852,WorkManager,Mobile App Development
853,JobScheduler,Mobile App Development
854,Broadcast Receivers,Mobile App Development
855,Content Providers,Mobile App Development
856,Intents,Mobile App Development
857,Activities,Mobile App Development
858,Fragments,Mobile App Development
859,Views,Mobile App Development
860,Layouts,Mobile App Development
861,ConstraintLayout,Mobile App Development
862,LinearLayout,Mobile App Development
863,RelativeLayout,Mobile App Development
864,RecyclerView,Mobile App Development
865,ListView,Mobile App Development
866,GridView,Mobile App Development
867,ScrollView,Mobile App Development
868,ViewPager,Mobile App Development
869,TabLayout,Mobile App Development
870,Navigation Component,Mobile App Development
871,Navigation Drawer,Mobile App Development
872,Bottom Navigation,Mobile App Development
873,AppBar,Mobile App Development
874,Toolbar,Mobile App Development
875,Cupertino,Mobile App Development
876,UI/UX,Mobile App Development
877,Responsive Design,Mobile App Development
878,Adaptive Layouts,Mobile App Development
879,Auto Layout,Mobile App Development
880,Size Classes,Mobile App Development
881,Dark Mode,Mobile App Development
882,Light Mode,Mobile App Development
883,Accessibility,Mobile App Development
884,VoiceOver,Mobile App Development
885,TalkBack,Mobile App Development
886,Screen Readers,Mobile App Development
887,Localization,Mobile App Development
888,Internationalization,Mobile App Development
889,i18n,Mobile App Development
890,l10n,Mobile App Development
891,App Localization,Mobile App Development
892,App Translation,Mobile App Development
893,App Distribution,Mobile App Development
894,Beta Testing,Mobile App Development
895,Alpha Testing,Mobile App Development
896,Crash Reporting,Mobile App Development
897,Crashlytics,Mobile App Development
898,Bugsnag,Mobile App Development
899,Firebase Analytics,Mobile App Development
900,Bitrise,Mobile App Development
901,App Signing,Mobile App Development
902,Code Signing,Mobile App Development
903,Keystore,Mobile App Development
904,Provisioning Profile,Mobile App Development
905,App Security,Mobile App Development
906,Biometric Authentication,Mobile App Development
907,Fingerprint,Mobile App Development
908,Face ID,Mobile App Development
909,Touch ID,Mobile App Development
910,In-App Purchases,Mobile App Development
911,Subscriptions,Mobile App Development
912,Revenue Models,Mobile App Development
913,Freemium,Mobile App Development
914,Paid Apps,Mobile App Development
915,Ad Monetization,Mobile App Development
916,AdMob,Mobile App Development
917,Facebook Ads,Mobile App Development
918,App Store Optimization,Mobile App Development
919,ASO,Mobile App Development
920,Keywords,Mobile App Development
921,App Description,Mobile App Development
922,Screenshots,Mobile App Development
923,App Icon,Mobile App Development
924,Ratings,Mobile App Development
925,Reviews,Mobile App Development
926,User Feedback,Mobile App Development
927,App Updates,Mobile App Development
928,,Mobile App Development
929,HTML5,Frontend
930,CSS3,Frontend
931,ES7,Frontend
932,ES8,Frontend
933,ES9,Frontend
934,ES10,Frontend
935,ES2020,Frontend
936,ES2021,Frontend
937,ES2022,Frontend
938,ES2023,Frontend
939,TSX,Frontend
940,Babel,Frontend
941,PostCSS,Frontend
942,PurgeCSS,Frontend
943,Emotion,Frontend
944,Styled Components,Frontend
945,CSS Modules,Frontend
946,Next.js,Frontend
947,Nuxt.js,Frontend
948,Gatsby,Frontend
949,Sapper,Frontend
950,Astro,Frontend
951,Eleventy,Frontend
952,Storybook,Frontend
953,Docusaurus,Frontend
954,Tailwind UI,Frontend
955,Material-UI,Frontend
956,Ant Design,Frontend
957,Chakra UI,Frontend
958,Bulma,Frontend
959,Foundation,Frontend
960,Semantic UI,Frontend
961,UIkit,Frontend
962,Milligram,Frontend
963,Spectre.css,Frontend
964,Normalize.css,Frontend
965,Reset.css,Frontend
966,Autoprefixer,Frontend
967,Prettier,Frontend
968,ESLint,Frontend
969,Stylelint,Frontend
970,Husky,Frontend
971,Lint-Staged,Frontend
972,Pre-commit,Frontend
973,BEM,Frontend
974,OOCSS,Frontend
975,SMACSS,Frontend
976,ITCSS,Frontend
977,Atomic Design,Frontend
978,Progressive Web App,Frontend
979,Service Worker,Frontend
980,Web Workers,Frontend
981,IndexedDB,Frontend
982,LocalStorage,Frontend
983,SessionStorage,Frontend
984,WebRTC,Frontend
985,WebAssembly,Frontend
986,Web Components,Frontend
987,Shadow DOM,Frontend
988,Custom Elements,Frontend
989,HTML Templates,Frontend
990,Intersection Observer,Frontend
991,Mutation Observer,Frontend
992,Resize Observer,Frontend
993,Performance API,Frontend
994,Navigation Timing API,Frontend
995,Resource Timing API,Frontend
996,User Timing API,Frontend
997,Beacon API,Frontend
998,Fetch API,Frontend
999,Axios,Frontend
1000,Superagent,Frontend
1001,GraphQL Apollo,Frontend
1002,Relay,Frontend
1003,JSON Schema,Frontend
1004,Markdown,Frontend
1005,MDX,Frontend
1006,RSS,Frontend
1007,Atom Feed,Frontend
1008,Sitemap,Frontend
1009,Robots.txt,Frontend
1010,Meta Tags,Frontend
1011,Open Graph,Frontend
1012,Twitter Cards,Frontend
1013,Schema.org,Frontend
1014,Favicon,Frontend
1015,Apple Touch Icon,Frontend
1016,Manifest.json,Frontend
1017,Workbox,Frontend
1018,Critical CSS,Frontend
1019,Code Splitting,Frontend
1020,Tree Shaking,Frontend
1021,Minification,Frontend
1022,Gzip,Frontend
1023,Brotli,Frontend
1024,HTTP/2,Frontend
1025,HTTP/3,Frontend
1026,QUIC,Frontend
1027,Feature Policy,Frontend
1028,Cross-Origin Isolation,Frontend
1029,SameSite Cookies,Frontend
1030,Secure Cookies,Frontend
1031,HttpOnly Cookies,Frontend
1032,Cookie Consent,Frontend
1033,Privacy Policy,Frontend
1034,Terms of Service,Frontend
1035,A11y,Frontend
1036,Screen Reader,Frontend
1037,Keyboard Navigation,Frontend
1038,Focus Management,Frontend
1039,Color Contrast,Frontend
1040,Alt Text,Frontend
1041,ARIA Labels,Frontend
1042,ARIA Roles,Frontend
1043,ARIA Properties,Frontend
1044,Landmarks,Frontend
1045,Headings,Frontend
1046,Skip Links,Frontend
1047,Tabindex,Frontend
1048,NVDA,Frontend
1049,JAWS,Frontend
1050,Lighthouse Audit,Frontend
1051,Web Vitals,Frontend
1052,Core Web Vitals,Frontend
1053,CLS,Frontend
1054,FID,Frontend
1055,TBT,Frontend
1056,TTI,Frontend
1057,TTFB,Frontend
1058,LCP,Frontend
1059,FCP,Frontend
1060,SI,Frontend
1061,Speed Index,Frontend
1062,Performance Budget,Frontend
1063,Critical Rendering Path,Frontend
1064,Render Blocking Resources,Frontend
1065,Defer,Frontend
1066,Async,Frontend
1067,Preload,Frontend
1068,Prefetch,Frontend
1069,DNS-Prefetch,Frontend
1070,Prerender,Frontend
1071,Modulepreload,Frontend
1072,Resource Hints,Frontend
1073,Link Prefetch,Frontend
1074,Lazy Load Images,Frontend
1075,Responsive Images,Frontend
1076,srcset,Frontend
1077,sizes,Frontend
1078,picture,Frontend
1079,WebP,Frontend
1080,AVIF,Frontend
1081,JPEG XL,Frontend
1082,SVG,Frontend
1083,Icon Fonts,Frontend
1084,Font Awesome,Frontend
1085,Material Icons,Frontend
1086,Feather Icons,Frontend
1087,Ionicons,Frontend
1088,Box Icons,Frontend
1089,Remix Icons,Frontend
1090,Heroicons,Frontend
1091,Tabler Icons,Frontend
1092,Line Awesome,Frontend
1093,Font Awesome Pro,Frontend
1094,Google Fonts,Frontend
1095,Adobe Fonts,Frontend
1096,Typekit,Frontend
1097,Font Squirrel,Frontend
1098,Fontsource,Frontend
1099,System Font Stack,Frontend
1100,Variable Fonts,Frontend
1101,Typography,Frontend
1102,Line Height,Frontend
1103,Letter Spacing,Frontend
1104,Font Weight,Frontend
1105,Font Size,Frontend
1106,Text Alignment,Frontend
1107,Text Decoration,Frontend
1108,Text Transform,Frontend
1109,White Space,Frontend
1110,Word Break,Frontend
1111,Hyphens,Frontend
1112,Text Overflow,Frontend
1113,Vertical Align,Frontend
1114,Text Shadow,Frontend
1115,Box Shadow,Frontend
1116,Border Radius,Frontend
1117,Border Width,Frontend
1118,Border Style,Frontend
1119,Border Color,Frontend
1120,Outline,Frontend
1121,Box Sizing,Frontend
1122,Display,Frontend
1123,Position,Frontend
1124,Z-Index,Frontend
1125,Float,Frontend
1126,Clear,Frontend
1127,Overflow,Frontend
1128,Visibility,Frontend
1129,Opacity,Frontend
1130,Transform,Frontend
1131,Transition,Frontend
1132,Animation,Frontend
1133,Keyframes,Frontend
1134,Gradient,Frontend
1135,Linear Gradient,Frontend
1136,Radial Gradient,Frontend
1137,Conic Gradient,Frontend
1138,Background Image,Frontend
1139,Background Position,Frontend
1140,Background Size,Frontend
1141,Background Repeat,Frontend
1142,Background Attachment,Frontend
1143,Background Blend Mode,Frontend
1144,Filter,Frontend
1145,Backdrop Filter,Frontend
1146,Mix Blend Mode,Frontend
1147,Clip Path,Frontend
1148,Mask,Frontend
1149,Object Fit,Frontend
1150,Object Position,Frontend
1151,Aspect Ratio,Frontend
1152,Flexbox,Frontend
1153,Grid,Frontend
1154,Flex Direction,Frontend
1155,Flex Wrap,Frontend
1156,Justify Content,Frontend
1157,Align Items,Frontend
1158,Align Self,Frontend
1159,Align Content,Frontend
1160,Gap,Frontend
1161,Grid Template Columns,Frontend
1162,Grid Template Rows,Frontend
1163,Grid Column,Frontend
1164,Grid Row,Frontend
1165,Grid Area,Frontend
1166,Grid Template Areas,Frontend
1167,Grid Auto Flow,Frontend
1168,Grid Auto Columns,Frontend
1169,Grid Auto Rows,Frontend
1170,Place Items,Frontend
1171,Place Content,Frontend
1172,Place Self,Frontend
1173,Minmax,Frontend
1174,Repeat,Frontend
1175,Fr,Frontend
1176,Auto-fit,Frontend
1177,Auto-fill,Frontend
1178,Subgrid,Frontend
1179,Masonry Layout,Frontend
1180,Multi-column Layout,Frontend
1181,Shapes,Frontend
1182,Exclusions,Frontend
1183,Regions,Frontend
1184,Scroll Snap,Frontend
1185,Overscroll Behavior,Frontend
1186,Scroll Behavior,Frontend
1187,Scroll Padding,Frontend
1188,Scroll Margin,Frontend
1189,Scroll Snap Type,Frontend
1190,Scroll Snap Align,Frontend
1191,Scroll Snap Stop,Frontend
1192,Scrollbar,Frontend
1193,Custom Scrollbar,Frontend
1194,Scrollbar Width,Frontend
1195,Scrollbar Color,Frontend
1196,Pointer Events,Frontend
1197,Touch Action,Frontend
1198,User Select,Frontend
1199,Resize,Frontend
1200,Caret Color,Frontend
1201,Appearance,Frontend
1202,Will Change,Frontend
1203,Contain,Frontend
1204,Isolation,Frontend
1205,Backface Visibility,Frontend
1206,Perspective,Frontend
1207,Perspective Origin,Frontend
1208,Transform Style,Frontend
1209,Transform Origin,Frontend
1210,Transition Property,Frontend
1211,Transition Duration,Frontend
1212,Transition Timing Function,Frontend
1213,Transition Delay,Frontend
1214,Animation Name,Frontend
1215,Animation Duration,Frontend
1216,Animation Timing Function,Frontend
1217,Animation Delay,Frontend
1218,Animation Iteration Count,Frontend
1219,Animation Direction,Frontend
1220,Animation Fill Mode,Frontend
1221,Animation Play State,Frontend
1222,Cubic Bezier,Frontend
1223,Steps,Frontend
1224,Easing,Frontend
1225,Timing Functions,Frontend
1226,Media Queries,Frontend
1227,Breakpoints,Frontend
1228,Mobile First,Frontend
1229,Desktop First,Frontend
1230,Adaptive Design,Frontend
1231,Fluid Design,Frontend
1232,Elastic Design,Frontend
1233,Viewport,Frontend
1234,Meta Viewport,Frontend
1235,Device Pixel Ratio,Frontend
1236,Pixel Density,Frontend
1237,Retina Display,Frontend
1238,High DPI,Frontend
1239,Viewport Units,Frontend
1240,vw,Frontend
1241,vh,Frontend
1242,vmin,Frontend
1243,vmax,Frontend
1244,Calc,Frontend
1245,Min,Frontend
1246,Max,Frontend
1247,Clamp,Frontend
1248,Custom Properties,Frontend
1249,CSS Variables,Frontend
1250,Var,Frontend
1251,Env,Frontend
1252,Env Variables,Frontend
1253,PostCSS Preset Env,Frontend
1254,CSS Nesting,Frontend
1255,CSS Custom Media,Frontend
1256,CSS Color Functions,Frontend
1257,Color Mod,Frontend
1258,Color Adjust,Frontend
1259,Color Scheme,Frontend
1260,Prefers Color Scheme,Frontend
1261,System Preferences,Frontend
1262,Forced Colors,Frontend
1263,High Contrast,Frontend
1264,Reduced Motion,Frontend
1265,Prefers Reduced Motion,Frontend
1266,Prefers Reduced Transparency,Frontend
1267,Prefers Contrast,Frontend
1268,Inverted Colors,Frontend
1269,Color Palette,Frontend
1270,Color Theory,Frontend
1271,Color Psychology,Frontend
1272,Color Harmony,Frontend
1273,Color Wheel,Frontend
1274,Complementary Colors,Frontend
1275,Analogous Colors,Frontend
1276,Triadic Colors,Frontend
1277,Tetradic Colors,Frontend
1278,Monochromatic Colors,Frontend
1279,Shades,Frontend
1280,Tints,Frontend
1281,Tones,Frontend
1282,Hue,Frontend
1283,Saturation,Frontend
1284,Lightness,Frontend
1285,Brightness,Frontend
1286,Transparency,Frontend
1287,RGBA,Frontend
1288,HSLA,Frontend
1289,HEX,Frontend
1290,RGB,Frontend
1291,HSL,Frontend
1292,CMYK,Frontend
1293,Pantone,Frontend
1294,Color Picker,Frontend
1295,Gradient Generator,Frontend
1296,Color Contrast Checker,Frontend
1297,Color Blindness,Frontend
1298,Color Accessibility,Frontend
1299,Color Tools,Frontend
1300,Color Libraries,Frontend
1301,Chroma.js,Frontend
1302,TinyColor,Frontend
1303,Polished,Frontend
1304,Color.js,Frontend
1305,Chroma,Frontend
1306,Color Namer,Frontend
1307,Name That Color,Frontend
1308,Color Thief,Frontend
1309,Vibrant.js,Frontend
1310,Image Colors,Frontend
1311,Palette Generator,Frontend
1312,Color Extractor,Frontend
1313,Image Palette,Frontend
1314,Canvas,Frontend
1315,WebGL,Frontend
1316,Three.js,Frontend
1317,Babylon.js,Frontend
1318,A-Frame,Frontend
1319,PlayCanvas,Frontend
1320,PixiJS,Frontend
1321,Phaser,Frontend
1322,Konva,Frontend
1323,Fabric.js,Frontend
1324,Paper.js,Frontend
1325,Two.js,Frontend
1326,D3.js,Frontend
1327,Chart.js,Frontend
1328,Highcharts,Frontend
1329,ApexCharts,Frontend
1330,Plotly,Frontend
1331,Recharts,Frontend
1332,Victory,Frontend
1333,Nivo,Frontend
1334,Visx,Frontend
1335,ECharts,Frontend
1336,G2,Frontend
1337,G6,Frontend
1338,AntV,Frontend
1339,Deck.gl,Frontend
1340,Kepler.gl,Frontend
1341,Mapbox,Frontend
1342,Leaflet,Frontend
1343,OpenLayers,Frontend
1344,Cesium,Frontend
1345,Turf.js,Frontend
1346,TopoJSON,Frontend
1347,GeoJSON,Frontend
1348,Vector Tiles,Frontend
1349,Raster Tiles,Frontend
1350,Web Mapping,Frontend
1351,GIS,Frontend
1352,Infographics,Frontend
1353,Reports,Frontend
1354,Data Storytelling,Frontend
1355,Data Journalism,Frontend
1356,Data Art,Frontend
1357,Generative Art,Frontend
1358,Creative Coding,Frontend
1359,Computational Design,Frontend
1360,Parametric Design,Frontend
1361,Algorithmic Design,Frontend
1362,Generative Design,Frontend
1363,HTML,Frontend
1364,CSS,Frontend
1365,JavaScript,Frontend
1366,TypeScript,Frontend
1367,React,Frontend
1368,Vue,Frontend
1369,Tailwind CSS,Frontend
1370,Sass,Frontend
1371,Less,Frontend
1372,Stylus,Frontend
1373,Webpack,Frontend
1374,Gulp,Frontend
1375,Grunt,Frontend
1376,npm,Frontend
1377,Yarn,Frontend
1378,pnpm,Frontend
1379,VS Code,Frontend
1380,Sublime Text,Frontend
1381,Atom,Frontend
1382,Figma,Frontend
1383,Adobe XD,Frontend
1384,Sketch,Frontend
1385,InVision,Frontend
1386,Jest,Frontend
1387,Mocha,Frontend
1388,Cypress,Frontend
1389,Lighthouse,Frontend
1390,PageSpeed Insights,Frontend
1391,media queries,Frontend
1392,flexbox,Frontend
1393,CSS Grid,Frontend
1394,ARIA,Frontend
1395,WCAG,Frontend
1396,Firebase Hosting,Frontend
1397,GitHub Pages,Frontend
1398,ES6,Frontend
1399,async/await,Frontend
1400,destructuring,Frontend
1401,User Interface,Frontend
1402,User Experience,Frontend
1403,Design System,Frontend
1404,FPS,Frontend
1405,Largest Contentful Paint,Frontend
1406,First Contentful Paint,Frontend
1407,Time to Interactive,Frontend
1408,Single Page Application,Frontend
1409,Isomorphic JavaScript,Frontend
1410,Universal JavaScript,Frontend
1411,Chrome DevTools,Frontend
1412,Firefox Developer Tools,Frontend
1413,Stack Overflow,Frontend
1414,MDN Web Docs,Frontend
1415,CSS-Tricks,Frontend
1416,Smashing Magazine,Frontend
1417,React Hooks,Frontend
1418,Vue directives,Frontend
1419,Vuex,Frontend
1420,FontAwesome,Frontend
1421,GSAP,Frontend
1422,anime.js.,Frontend
1423,Deep Learning,AI/ML
1424,Artificial Intelligence,AI/ML
1425,Data Analysis,AI/ML
1426,Data Mining,AI/ML
1427,Data Wrangling,AI/ML
1428,Data Cleaning,AI/ML
1429,Data Preprocessing,AI/ML
1430,Exploratory Data Analysis,AI/ML
1431,EDA,AI/ML
1432,Statistical Analysis,AI/ML
1433,Descriptive Statistics,AI/ML
1434,Inferential Statistics,AI/ML
1435,Hypothesis Testing,AI/ML
1436,Chi-Square Test,AI/ML
1437,t-Test,AI/ML
1438,ANOVA,AI/ML
1439,Correlation,AI/ML
1440,Covariance,AI/ML
1441,Probability Distributions,AI/ML
1442,Normal Distribution,AI/ML
1443,Binomial Distribution,AI/ML
1444,Poisson Distribution,AI/ML
1445,Bayesian Statistics,AI/ML
1446,Markov Chains,AI/ML
1447,Hidden Markov Models,AI/ML
1448,HMM,AI/ML
1449,Gaussian Mixture Models,AI/ML
1450,GMM,AI/ML
1451,Expectation-Maximization,AI/ML
1452,EM Algorithm,AI/ML
1453,Clustering Algorithms,AI/ML
1454,K-Means,AI/ML
1455,Hierarchical Clustering,AI/ML
1456,DBSCAN,AI/ML
1457,Spectral Clustering,AI/ML
1458,Gaussian Processes,AI/ML
1459,Kernel Methods,AI/ML
1460,Radial Basis Function,AI/ML
1461,RBF,AI/ML
1462,SVM Kernels,AI/ML
1463,Polynomial Kernel,AI/ML
1464,Sigmoid Kernel,AI/ML
1465,Graph Neural Networks,AI/ML
1466,GNN,AI/ML
1467,Knowledge Graphs,AI/ML
1468,Ontologies,AI/ML
1469,Semantic Web,AI/ML
1470,RDF,AI/ML
1471,SPARQL,AI/ML
1472,Ontology Learning,AI/ML
1473,Rule-Based Systems,AI/ML
1474,Expert Systems,AI/ML
1475,Fuzzy Logic,AI/ML
1476,Genetic Algorithms,AI/ML
1477,Evolutionary Algorithms,AI/ML
1478,Particle Swarm Optimization,AI/ML
1479,Ant Colony Optimization,AI/ML
1480,Simulated Annealing,AI/ML
1481,Tabu Search,AI/ML
1482,Swarm Intelligence,AI/ML
1483,Multi-Objective Optimization,AI/ML
1484,Pareto Optimality,AI/ML
1485,Constraint Satisfaction Problems,AI/ML
1486,Satisfiability,AI/ML
1487,SAT,AI/ML
1488,Linear Programming,AI/ML
1489,Integer Programming,AI/ML
1490,Mixed-Integer Programming,AI/ML
1491,Quadratic Programming,AI/ML
1492,Convex Optimization,AI/ML
1493,Non-Convex Optimization,AI/ML
1494,Gradient-Based Optimization,AI/ML
1495,Hessian Matrix,AI/ML
1496,Jacobian Matrix,AI/ML
1497,Automatic Differentiation,AI/ML
1498,Backpropagation Through Time,AI/ML
1499,BPTT,AI/ML
1500,Vanishing Gradients,AI/ML
1501,Exploding Gradients,AI/ML
1502,Weight Initialization,AI/ML
1503,Xavier Initialization,AI/ML
1504,He Initialization,AI/ML
1505,LeCun Initialization,AI/ML
1506,Batch Normalization,AI/ML
1507,Layer Normalization,AI/ML
1508,Group Normalization,AI/ML
1509,Instance Normalization,AI/ML
1510,Weight Decay,AI/ML
1511,Early Stopping,AI/ML
1512,Learning Rate Schedulers,AI/ML
1513,Step Decay,AI/ML
1514,Exponential Decay,AI/ML
1515,Cosine Annealing,AI/ML
1516,Cyclical Learning Rates,AI/ML
1517,One-Cycle Learning,AI/ML
1518,Warm Restarts,AI/ML
1519,Curriculum Learning,AI/ML
1520,Self-Supervised Learning,AI/ML
1521,Contrastive Learning,AI/ML
1522,SimCLR,AI/ML
1523,MoCo,AI/ML
1524,BYOL,AI/ML
1525,SwAV,AI/ML
1526,Knowledge Distillation,AI/ML
1527,Model Compression,AI/ML
1528,Pruning,AI/ML
1529,Quantization,AI/ML
1530,Low-Rank Factorization,AI/ML
1531,Distillation,AI/ML
1532,Neural Architecture Search,AI/ML
1533,NAS,AI/ML
1534,AutoML,AI/ML
1535,Hyperparameter Optimization,AI/ML
1536,Optuna,AI/ML
1537,Hyperopt,AI/ML
1538,Ray Tune,AI/ML
1539,Feature Stores,AI/ML
1540,Data Versioning,AI/ML
1541,Model Versioning,AI/ML
1542,Experiment Tracking,AI/ML
1543,MLflow,AI/ML
1544,Weights & Biases,AI/ML
1545,Neptune,AI/ML
1546,Comet,AI/ML
1547,DVC,AI/ML
1548,Data Version Control,AI/ML
1549,Model Monitoring,AI/ML
1550,Drift Detection,AI/ML
1551,Concept Drift,AI/ML
1552,Data Drift,AI/ML
1553,Model Retraining,AI/ML
1554,Continuous Learning,AI/ML
1555,Active Learning,AI/ML
1556,Human-in-the-Loop,AI/ML
1557,Crowdsourcing,AI/ML
1558,Labeling,AI/ML
1559,Annotation,AI/ML
1560,Data Labeling Tools,AI/ML
1561,Label Studio,AI/ML
1562,Prodigy,AI/ML
1563,Snorkel,AI/ML
1564,Weak Supervision,AI/ML
1565,Semi-Supervised Learning,AI/ML
1566,Self-Training,AI/ML
1567,Co-Training,AI/ML
1568,Multi-View Learning,AI/ML
1569,Ensemble Learning,AI/ML
1570,Bagging,AI/ML
1571,Boosting,AI/ML
1572,Stacking,AI/ML
1573,Voting Classifiers,AI/ML
1574,Model Averaging,AI/ML
1575,Blending,AI/ML
1576,Calibration,AI/ML
1577,Platt Scaling,AI/ML
1578,Isotonic Regression,AI/ML
1579,Confidence Intervals,AI/ML
1580,Prediction Intervals,AI/ML
1581,Uncertainty Estimation,AI/ML
1582,Bayesian Neural Networks,AI/ML
1583,Monte Carlo Dropout,AI/ML
1584,Ensemble Uncertainty,AI/ML
1585,Adversarial Attacks,AI/ML
1586,Robustness,AI/ML
1587,Adversarial Training,AI/ML
1588,Defensive Distillation,AI/ML
1589,Certified Robustness,AI/ML
1590,Fairness Metrics,AI/ML
1591,Disparate Impact,AI/ML
1592,Equal Opportunity,AI/ML
1593,Demographic Parity,AI/ML
1594,Bias Detection,AI/ML
1595,Bias Mitigation,AI/ML
1596,Counterfactual Fairness,AI/ML
1597,Causal Inference,AI/ML
1598,Do-Calculus,AI/ML
1599,Pearl's Causal Model,AI/ML
1600,Instrumental Variables,AI/ML
1601,Propensity Score Matching,AI/ML
1602,Difference-in-Differences,AI/ML
1603,Synthetic Control,AI/ML
1604,Causal Graphs,AI/ML
1605,Directed Acyclic Graphs,AI/ML
1606,DAG,AI/ML
1607,Structural Equation Models,AI/ML
1608,SEM,AI/ML
1609,Granger Causality,AI/ML
1610,Time Series Forecasting,AI/ML
1611,AR,AI/ML
1612,MA,AI/ML
1613,ARMA,AI/ML
1614,ARIMA,AI/ML
1615,SARIMA,AI/ML
1616,VAR,AI/ML
1617,VECM,AI/ML
1618,State Space Models,AI/ML
1619,Kalman Filter,AI/ML
1620,Particle Filter,AI/ML
1621,GP,AI/ML
1622,Bayesian Optimization,AI/ML
1623,Acquisition Functions,AI/ML
1624,Expected Improvement,AI/ML
1625,Probability of Improvement,AI/ML
1626,Upper Confidence Bound,AI/ML
1627,UCB,AI/ML
1628,Thompson Sampling,AI/ML
1629,Multi-Fidelity Optimization,AI/ML
1630,Surrogate Models,AI/ML
1631,Gaussian Process Regression,AI/ML
1632,Random Forest Surrogate,AI/ML
1633,Neural Network Surrogate,AI/ML
1634,BNN,AI/ML
1635,Variational Inference,AI/ML
1636,Markov Chain Monte Carlo,AI/ML
1637,MCMC,AI/ML
1638,Hamiltonian Monte Carlo,AI/ML
1639,HMC,AI/ML
1640,No-U-Turn Sampler,AI/ML
1641,NUTS,AI/ML
1642,Variational Autoencoders,AI/ML
1643,VAE,AI/ML
1644,Normalizing Flows,AI/ML
1645,Real NVP,AI/ML
1646,Glow,AI/ML
1647,Autoregressive Models,AI/ML
1648,PixelCNN,AI/ML
1649,PixelRNN,AI/ML
1650,WaveNet,AI/ML
1651,Transformer-based Models,AI/ML
1652,BERT,AI/ML
1653,GPT,AI/ML
1654,T5,AI/ML
1655,XLNet,AI/ML
1656,RoBERTa,AI/ML
1657,DistilBERT,AI/ML
1658,ALBERT,AI/ML
1659,ELECTRA,AI/ML
1660,Longformer,AI/ML
1661,Reformer,AI/ML
1662,BigBird,AI/ML
1663,Performer,AI/ML
1664,Sparse Transformers,AI/ML
1665,Vision Transformers,AI/ML
1666,ViT,AI/ML
1667,DeiT,AI/ML
1668,Swin Transformers,AI/ML
1669,EfficientNet,AI/ML
1670,MobileNet,AI/ML
1671,ResNet,AI/ML
1672,DenseNet,AI/ML
1673,Inception,AI/ML
1674,VGG,AI/ML
1675,AlexNet,AI/ML
1676,GoogLeNet,AI/ML
1677,ShuffleNet,AI/ML
1678,SqueezeNet,AI/ML
1679,NASNet,AI/ML
1680,MnasNet,AI/ML
1681,EfficientDet,AI/ML
1682,YOLO,AI/ML
1683,SSD,AI/ML
1684,Faster R-CNN,AI/ML
1685,Mask R-CNN,AI/ML
1686,RetinaNet,AI/ML
1687,FCOS,AI/ML
1688,CenterNet,AI/ML
1689,DETR,AI/ML
1690,PointNet,AI/ML
1691,PointNet++,AI/ML
1692,PointCNN,AI/ML
1693,DGCNN,AI/ML
1694,Graph Convolutional Networks,AI/ML
1695,GCN,AI/ML
1696,Graph Attention Networks,AI/ML
1697,GAT,AI/ML
1698,GraphSAGE,AI/ML
1699,Graph Isomorphism Networks,AI/ML
1700,GIN,AI/ML
1701,Neural Graph Learning,AI/ML
1702,NGL,AI/ML
1703,Knowledge Graph Embeddings,AI/ML
1704,TransE,AI/ML
1705,DistMult,AI/ML
1706,ComplEx,AI/ML
1707,RotatE,AI/ML
1708,ConvE,AI/ML
1709,Node2Vec,AI/ML
1710,DeepWalk,AI/ML
1711,LINE,AI/ML
1712,Graph Autoencoders,AI/ML
1713,Variational Graph Autoencoders,AI/ML
1714,VGAE,AI/ML
1715,Adversarial Graph Autoencoders,AI/ML
1716,AGE,AI/ML
1717,Graph Generative Models,AI/ML
1718,GraphRNN,AI/ML
1719,GraphVAE,AI/ML
1720,MolGAN,AI/ML
1721,Molecular Graph Generation,AI/ML
1722,Drug Discovery,AI/ML
1723,Cheminformatics,AI/ML
1724,Bioinformatics,AI/ML
1725,Genomic Data Analysis,AI/ML
1726,Protein Structure Prediction,AI/ML
1727,AlphaFold,AI/ML
1728,Rosetta,AI/ML
1729,Molecular Dynamics,AI/ML
1730,Quantum Chemistry,AI/ML
1731,Density Functional Theory,AI/ML
1732,DFT,AI/ML
1733,Molecular Docking,AI/ML
1734,Virtual Screening,AI/ML
1735,Pharmacophore Modeling,AI/ML
1736,QSAR,AI/ML
1737,Quantitative Structure-Activity Relationship,AI/ML
1738,Molecular Fingerprints,AI/ML
1739,SMILES,AI/ML
1740,InChI,AI/ML
1741,RDKit,AI/ML
1742,Open Babel,AI/ML
1743,PyMol,AI/ML
1744,Chimera,AI/ML
1745,VMD,AI/ML
1746,GROMACS,AI/ML
1747,AMBER,AI/ML
1748,NAMD,AI/ML
1749,LAMMPS,AI/ML
1750,Quantum Computing,AI/ML
1751,Quantum Machine Learning,AI/ML
1752,QML,AI/ML
1753,Quantum Neural Networks,AI/ML
1754,QNN,AI/ML
1755,Quantum Support Vector Machines,AI/ML
1756,QSVM,AI/ML
1757,Quantum Boltzmann Machines,AI/ML
1758,QBM,AI/ML
1759,Quantum Generative Models,AI/ML
1760,Quantum Variational Circuits,AI/ML
1761,Quantum Error Correction,AI/ML
1762,Quantum Annealing,AI/ML
1763,D-Wave,AI/ML
1764,IBM Q,AI/ML
1765,Rigetti,AI/ML
1766,Google Quantum AI,AI/ML
1767,Quantum Simulators,AI/ML
1768,Qiskit,AI/ML
1769,Cirq,AI/ML
1770,Pennylane,AI/ML
1771,TensorFlow Quantum,AI/ML
1772,TFQ,AI/ML
1773,Quantum Algorithms,AI/ML
1774,Shor's Algorithm,AI/ML
1775,Grover's Algorithm,AI/ML
1776,Quantum Fourier Transform,AI/ML
1777,ML,AI/ML
1778,Neural Networks,AI/ML
1779,Supervised Learning,AI/ML
1780,Unsupervised Learning,AI/ML
1781,Reinforcement Learning,AI/ML
1782,Transfer Learning,AI/ML
1783,Image Recognition,AI/ML
1784,Object Detection,AI/ML
1785,Text Classification,AI/ML
1786,Named Entity Recognition,AI/ML
1787,NER,AI/ML
1788,Topic Modeling,AI/ML
1789,Clustering,AI/ML
1790,Classification,AI/ML
1791,Regression,AI/ML
1792,Decision Trees,AI/ML
1793,Random Forest,AI/ML
1794,Gradient Boosting,AI/ML
1795,XGBoost,AI/ML
1796,LightGBM,AI/ML
1797,CatBoost,AI/ML
1798,Support Vector Machines,AI/ML
1799,SVM,AI/ML
1800,K-Nearest Neighbors,AI/ML
1801,KNN,AI/ML
1802,Naive Bayes,AI/ML
1803,Logistic Regression,AI/ML
1804,Linear Regression,AI/ML
1805,Ridge Regression,AI/ML
1806,Lasso Regression,AI/ML
1807,ElasticNet,AI/ML
1808,Principal Component Analysis,AI/ML
1809,PCA,AI/ML
1810,t-SNE,AI/ML
1811,Dimensionality Reduction,AI/ML
1812,Feature Engineering,AI/ML
1813,Feature Selection,AI/ML
1814,Hyperparameter Tuning,AI/ML
1815,Grid Search,AI/ML
1816,Random Search,AI/ML
1817,Cross-Validation,AI/ML
1818,K-Fold,AI/ML
1819,Stratified K-Fold,AI/ML
1820,Overfitting,AI/ML
1821,Underfitting,AI/ML
1822,Bias-Variance Tradeoff,AI/ML
1823,Regularization,AI/ML
1824,L1 Regularization,AI/ML
1825,L2 Regularization,AI/ML
1826,Dropout,AI/ML
1827,Activation Functions,AI/ML
1828,ReLU,AI/ML
1829,Sigmoid,AI/ML
1830,Tanh,AI/ML
1831,Softmax,AI/ML
1832,Loss Functions,AI/ML
1833,Mean Squared Error,AI/ML
1834,MSE,AI/ML
1835,Cross-Entropy Loss,AI/ML
1836,Hinge Loss,AI/ML
1837,Optimizers,AI/ML
1838,Gradient Descent,AI/ML
1839,Stochastic Gradient Descent,AI/ML
1840,SGD,AI/ML
1841,Adam,AI/ML
1842,RMSprop,AI/ML
1843,Adagrad,AI/ML
1844,Momentum,AI/ML
1845,Learning Rate,AI/ML
1846,Epochs,AI/ML
1847,Batch Size,AI/ML
1848,Mini-Batch,AI/ML
1849,Backpropagation,AI/ML
1850,Forward Propagation,AI/ML
1851,Convolutional Neural Networks,AI/ML
1852,CNN,AI/ML
1853,Recurrent Neural Networks,AI/ML
1854,RNN,AI/ML
1855,Long Short-Term Memory,AI/ML
1856,LSTM,AI/ML
1857,Gated Recurrent Units,AI/ML
1858,GRU,AI/ML
1859,Transformers,AI/ML
1860,Attention Mechanisms,AI/ML
1861,GPT-2,AI/ML
1862,GPT-3,AI/ML
1863,Transformer-XL,AI/ML
1864,Word Embeddings,AI/ML
1865,Word2Vec,AI/ML
1866,GloVe,AI/ML
1867,FastText,AI/ML
1868,TF-IDF,AI/ML
1869,Bag of Words,AI/ML
1870,BoW,AI/ML
1871,Tokenization,AI/ML
1872,Stemming,AI/ML
1873,Lemmatization,AI/ML
1874,Stop Words,AI/ML
1875,N-Grams,AI/ML
1876,Sequence Models,AI/ML
1877,Time Series Analysis,AI/ML
1878,Exponential Smoothing,AI/ML
1879,Prophet,AI/ML
1880,Anomaly Detection,AI/ML
1881,Outlier Detection,AI/ML
1882,Recommender Systems,AI/ML
1883,Collaborative Filtering,AI/ML
1884,Content-Based Filtering,AI/ML
1885,Matrix Factorization,AI/ML
1886,Singular Value Decomposition,AI/ML
1887,SVD,AI/ML
1888,Alternating Least Squares,AI/ML
1889,ALS,AI/ML
1890,Multi-Armed Bandit,AI/ML
1891,Contextual Bandits,AI/ML
1892,Reinforcement Learning Algorithms,AI/ML
1893,Q-Learning,AI/ML
1894,Deep Q-Networks,AI/ML
1895,DQN,AI/ML
1896,Policy Gradients,AI/ML
1897,Actor-Critic,AI/ML
1898,Proximal Policy Optimization,AI/ML
1899,PPO,AI/ML
1900,Monte Carlo Methods,AI/ML
1901,Markov Decision Processes,AI/ML
1902,MDP,AI/ML
1903,Bellman Equation,AI/ML
1904,Value Iteration,AI/ML
1905,Policy Iteration,AI/ML
1906,Exploration vs Exploitation,AI/ML
1907,Epsilon-Greedy,AI/ML
1908,Softmax Exploration,AI/ML
1909,Generative Adversarial Networks,AI/ML
1910,GAN,AI/ML
1911,Autoencoders,AI/ML
1912,Encoder-Decoder,AI/ML
1913,Seq2Seq,AI/ML
1914,Beam Search,AI/ML
1915,Greedy Search,AI/ML
1916,Top-K Sampling,AI/ML
1917,Top-P Sampling,AI/ML
1918,Temperature,AI/ML
1919,Data Augmentation,AI/ML
1920,Image Augmentation,AI/ML
1921,Text Augmentation,AI/ML
1922,Synthetic Data,AI/ML
1923,Transfer Learning Models,AI/ML
1924,Pretrained Models,AI/ML
1925,Fine-Tuning,AI/ML
1926,Zero-Shot Learning,AI/ML
1927,Few-Shot Learning,AI/ML
1928,One-Shot Learning,AI/ML
1929,Meta-Learning,AI/ML
1930,Federated Learning,AI/ML
1931,Differential Privacy,AI/ML
1932,Fairness in AI,AI/ML
1933,Explainable AI,AI/ML
1934,XAI,AI/ML
1935,Model Interpretability,AI/ML
1936,SHAP,AI/ML
1937,LIME,AI/ML
1938,Partial Dependence Plots,AI/ML
1939,PDP,AI/ML
1940,Feature Importance,AI/ML
1941,Model Deployment,AI/ML
1942,Model Serving,AI/ML
1943,Keras,AI/ML
1944,Scikit-Learn,AI/ML
1945,Jupyter Notebook,AI/ML
1946,Google Colab,AI/ML
1947,Kaggle,AI/ML
1948,Big Data,AI/ML
1949,Hadoop,AI/ML
1950,Spark,AI/ML
1951,Hive,AI/ML
1952,Pig,AI/ML
1953,Flink,AI/ML
1954,Data Lakes,AI/ML
1955,Data Warehouses,AI/ML
1956,Data Pipelines,AI/ML
1957,Molecular,AI/ML
1958,Wireframe,UI/UX
1959,Mockup,UI/UX
1960,Prototype,UI/UX
1961,Interaction Design,UI/UX
1962,Visual Design,UI/UX
1963,Information Architecture,UI/UX
1964,IA,UI/UX
1965,Usability,UI/UX
1966,Mobile-First Design,UI/UX
1967,Grid System,UI/UX
1968,Contrast,UI/UX
1969,Hierarchy,UI/UX
1970,Alignment,UI/UX
1971,Proximity,UI/UX
1972,Feedback,UI/UX
1973,Affordance,UI/UX
1974,Mental Model,UI/UX
1975,User Flow,UI/UX
1976,Task Flow,UI/UX
1977,Navigation,UI/UX
1978,Breadcrumbs,UI/UX
1979,Dropdown Menu,UI/UX
1980,Hamburger Menu,UI/UX
1981,Modal,UI/UX
1982,Popup,UI/UX
1983,Tooltip,UI/UX
1984,Accordion,UI/UX
1985,Carousel,UI/UX
1986,Card,UI/UX
1987,Button,UI/UX
1988,Call to Action,UI/UX
1989,CTA,UI/UX
1990,Form,UI/UX
1991,Input Field,UI/UX
1992,Checkbox,UI/UX
1993,Radio Button,UI/UX
1994,Toggle Switch,UI/UX
1995,Slider,UI/UX
1996,Date Picker,UI/UX
1997,Dropdown,UI/UX
1998,Select Menu,UI/UX
1999,Search Bar,UI/UX
2000,Skeleton Screen,UI/UX
2001,Loading Indicator,UI/UX
2002,Progress Bar,UI/UX
2003,Error Message,UI/UX
2004,Success Message,UI/UX
2005,Validation,UI/UX
2006,Onboarding,UI/UX
2007,Walkthrough,UI/UX
2008,Tutorial,UI/UX
2009,Help Center,UI/UX
2010,FAQ,UI/UX
2011,Live Chat,UI/UX
2012,Customer Support,UI/UX
2013,User Research,UI/UX
2014,User Persona,UI/UX
2015,User Journey,UI/UX
2016,Empathy Map,UI/UX
2017,User Story,UI/UX
2018,Use Case,UI/UX
2019,Scenario,UI/UX
2020,Survey,UI/UX
2021,Interview,UI/UX
2022,Focus Group,UI/UX
2023,Card Sorting,UI/UX
2024,Tree Testing,UI/UX
2025,Usability Testing,UI/UX
2026,Heatmap,UI/UX
2027,Click Map,UI/UX
2028,Scroll Map,UI/UX
2029,Eye Tracking,UI/UX
2030,Conversion Rate,UI/UX
2031,Bounce Rate,UI/UX
2032,Retention Rate,UI/UX
2033,Engagement,UI/UX
2034,Churn Rate,UI/UX
2035,Net Promoter Score,UI/UX
2036,NPS,UI/UX
2037,Customer Satisfaction,UI/UX
2038,CSAT,UI/UX
2039,Customer Effort Score,UI/UX
2040,CES,UI/UX
2041,Heuristic Evaluation,UI/UX
2042,Cognitive Walkthrough,UI/UX
2043,Think Aloud,UI/UX
2044,Task Analysis,UI/UX
2045,Contextual Inquiry,UI/UX
2046,Field Study,UI/UX
2047,Ethnography,UI/UX
2048,Diary Study,UI/UX
2049,Remote Testing,UI/UX
2050,Moderated Testing,UI/UX
2051,Unmoderated Testing,UI/UX
2052,Guerrilla Testing,UI/UX
2053,Benchmark Testing,UI/UX
2054,Competitive Analysis,UI/UX
2055,SWOT Analysis,UI/UX
2056,PEST Analysis,UI/UX
2057,Stakeholder Interview,UI/UX
2058,Requirements Gathering,UI/UX
2059,Feature Prioritization,UI/UX
2060,MoSCoW Method,UI/UX
2061,Kano Model,UI/UX
2062,MVP,UI/UX
2063,Minimum Viable Product,UI/UX
2064,Iterative Design,UI/UX
2065,Agile,UI/UX
2066,Scrum,UI/UX
2067,Sprint,UI/UX
2068,Backlog,UI/UX
2069,User Story Mapping,UI/UX
2070,Design Sprint,UI/UX
2071,Design Thinking,UI/UX
2072,Double Diamond,UI/UX
2073,Lean UX,UI/UX
2074,Human-Centered Design,UI/UX
2075,HCD,UI/UX
2076,Inclusive Design,UI/UX
2077,Universal Design,UI/UX
2078,Style Guide,UI/UX
2079,Pattern Library,UI/UX
2080,Component Library,UI/UX
2081,Design Tokens,UI/UX
2082,Typography Scale,UI/UX
2083,Iconography,UI/UX
2084,Illustration,UI/UX
2085,Photography,UI/UX
2086,Microinteraction,UI/UX
2087,Hover State,UI/UX
2088,Active State,UI/UX
2089,Focus State,UI/UX
2090,Disabled State,UI/UX
2091,Error State,UI/UX
2092,Success State,UI/UX
2093,Loading State,UI/UX
2094,Empty State,UI/UX
2095,404 Page,UI/UX
2096,500 Page,UI/UX
2097,Maintenance Page,UI/UX
2098,Coming Soon Page,UI/UX
2099,Landing Page,UI/UX
2100,Homepage,UI/UX
2101,Product Page,UI/UX
2102,Category Page,UI/UX
2103,Checkout Page,UI/UX
2104,Cart Page,UI/UX
2105,Account Page,UI/UX
2106,Dashboard,UI/UX
2107,Settings,UI/UX
2108,Profile,UI/UX
2109,Notification,UI/UX
2110,Inbox,UI/UX
2111,Messaging,UI/UX
2112,Social Media Integration,UI/UX
2113,Sharing,UI/UX
2114,Commenting,UI/UX
2115,Rating,UI/UX
2116,Review,UI/UX
2117,Like,UI/UX
2118,Follow,UI/UX
2119,Subscribe,UI/UX
2120,Download,UI/UX
2121,Upload,UI/UX
2122,Export,UI/UX
2123,Import,UI/UX
2124,Print,UI/UX
2125,Save,UI/UX
2126,Edit,UI/UX
2127,Delete,UI/UX
2128,Undo,UI/UX
2129,Redo,UI/UX
2130,Copy,UI/UX
2131,Paste,UI/UX
2132,Cut,UI/UX
2133,Drag and Drop,UI/UX
2134,Zoom,UI/UX
2135,Pan,UI/UX
2136,Rotate,UI/UX
2137,Sort,UI/UX
2138,Advanced Search,UI/UX
2139,Faceted Search,UI/UX
2140,Predictive Search,UI/UX
2141,Voice Search,UI/UX
2142,Gesture,UI/UX
2143,Swipe,UI/UX
2144,Tap,UI/UX
2145,Double Tap,UI/UX
2146,Long Press,UI/UX
2147,Pinch,UI/UX
2148,Spread,UI/UX
2149,Shake,UI/UX
2150,Tilt,UI/UX
2151,Scroll,UI/UX
2152,Pull to Refresh,UI/UX
2153,Tab Bar,UI/UX
2154,Drawer,UI/UX
2155,Sidebar,UI/UX
2156,Floating Action Button,UI/UX
2157,FAB,UI/UX
2158,Snackbar,UI/UX
2159,Toast,UI/UX
2160,Banner,UI/UX
2161,Alert,UI/UX
2162,Dialog,UI/UX
2163,Fullscreen Modal,UI/UX
2164,Lightbox,UI/UX
2165,Overlay,UI/UX
2166,Footer,UI/UX
2167,Hero Section,UI/UX
2168,Callout,UI/UX
2169,Testimonial,UI/UX
2170,Pricing Table,UI/UX
2171,Feature List,UI/UX
2172,Comparison Table,UI/UX
2173,FAQ Section,UI/UX
2174,Blog,UI/UX
2175,Article,UI/UX
2176,News,UI/UX
2177,Event,UI/UX
2178,Gallery,UI/UX
2179,Portfolio,UI/UX
2180,Team,UI/UX
2181,Contact,UI/UX
2182,Map,UI/UX
2183,Location,UI/UX
2184,Directions,UI/UX
2185,Calendar,UI/UX
2186,Schedule,UI/UX
2187,Booking,UI/UX
2188,Reservation,UI/UX
2189,Payment,UI/UX
2190,Checkout,UI/UX
2191,Invoice,UI/UX
2192,Receipt,UI/UX
2193,Refund,UI/UX
2194,Subscription,UI/UX
2195,Membership,UI/UX
2196,Loyalty Program,UI/UX
2197,Reward,UI/UX
2198,Coupon,UI/UX
2199,Discount,UI/UX
2200,Gift Card,UI/UX
2201,Upsell,UI/UX
2202,Cross-Sell,UI/UX
2203,Recommendation,UI/UX
2204,Customization,UI/UX
2205,RTL,UI/UX
2206,Right-to-Left,UI/UX
2207,LTR,UI/UX
2208,Left-to-Right,UI/UX
2209,High Contrast Mode,UI/UX
2210,Color Blind Mode,UI/UX
2211,Dyslexia Mode,UI/UX
2212,Accessible Rich Internet Applications,UI/UX
2213,Web Content Accessibility Guidelines,UI/UX
